{"loss/train":0.4216131269931793,"lr":3.9845502879562525e-06,"_timestamp":1.7326335541499965e+09,"_runtime":1097.91457394,"_step":532,"_wandb":{"runtime":1097}}